id,status,pageTitle,heroTitle,heroTagline,vimeoID,vimeoHash,videoCount,format,audienceLabel,lms,launchDate,coversBullets,LESSONS →,L1_title,L1_desc,L2_title,L2_desc,L3_title,L3_desc,L4_title,L4_desc,L5_title,L5_desc,L6_title,L6_desc,L7_title,L7_desc,L8_title,L8_desc,L9_title,L9_desc,L10_title,L10_desc,L11_title,L11_desc,L12_title,L12_desc,L13_title,L13_desc,L14_title,L14_desc,L15_title,L15_desc,L16_title,L16_desc,L17_title,L17_desc
shp,live,Sexual Harassment Prevention — Blue Seat Studios,Sexual Harassment Prevention,"Animated compliance training that actually sticks. Covers harassment, bystander intervention, and state-specific requirements for employees and managers.",1152648266,,,Animated Course,Full Organization,SCORM Compatible,,"Defining sexual harassment — quid pro quo and hostile work environment | Recognizing harassment in person, in writing, and online | Bystander responsibility and how to safely intervene | How to report — internal channels, HR, and external agencies | Manager obligations, investigations, and anti-retaliation protections",──,Introduction,"Every employee is entitled to a harassment-free workplace. This opening lesson sets the tone — what the course covers, why it matters, and what a healthy work environment actually looks like.",Person to Person Harassment,What does person-to-person sexual harassment actually look like? Covers the key principle that intent does not equal impact.,Quid Pro Quo,"A direct, engaging way to learn about quid pro quo in workplace settings — what it looks like, why it's never okay, and how to recognize it.",,,,,,,,,,,,,,,,,,,,,,,,,,,,
ta,live,Threat Assessment — Blue Seat Studios,Threat Assessment,Trains employees and students to recognize warning signs and use the right reporting channels before a situation escalates.,1152648266,,,Animated Course,Employees · Students · Faculty,SCORM Compatible,,,──,,,,,,,,,,,,,,,,,,,,,,,,,,,,,,,,,,
al,live,Alcohol and Substance Awareness,Alcohol and Substance Awareness,,1152648266,,,Animated Course,Students,SCORM Compatible,,,──,,,,,,,,,,,,,,,,,,,,,,,,,,,,,,,,,,
hr,live,HR Fundamentals,HR Fundamentals,,1152648266,,,Animated Course,Employees and Faculty,SCORM Compatible,,,──,,,,,,,,,,,,,,,,,,,,,,,,,,,,,,,,,,
mh-k12,live,Mental Health Basics,Mental Health Basics,,1152648266,,,Animated Course,Students and Faculty,SCORM Compatible,,,──,,,,,,,,,,,,,,,,,,,,,,,,,,,,,,,,,,
mh-he,live,Mental Health Support,Mental Health Support,,1152648266,,,Animated Course,Students and Faculty,SCORM Compatible,,,──,,,,,,,,,,,,,,,,,,,,,,,,,,,,,,,,,,
co-k12,live,Consent (For Kids!),Consent (For Kids!),,1152648266,,,Animated Course,Students and Faculty,SCORM Compatible,,,──,,,,,,,,,,,,,,,,,,,,,,,,,,,,,,,,,,
co-he,live,Consent,Consent,,1152648266,,,Animated Course,Students and Faculty,SCORM Compatible,,,──,,,,,,,,,,,,,,,,,,,,,,,,,,,,,,,,,,
t9-he,live,Title IX,Title IX,,1152648266,,,Animated Course,Students and Faculty,SCORM Compatible,,,──,,,,,,,,,,,,,,,,,,,,,,,,,,,,,,,,,,
by-he,live,Bystander Intervention,Bystander Intervention,,1152648266,,,Animated Course,Students and Faculty,SCORM Compatible,,,──,,,,,,,,,,,,,,,,,,,,,,,,,,,,,,,,,,
by-k12,live,Bystander Intervention,Bystander Intervention,,1152648266,,,Animated Course,Students and Faculty,SCORM Compatible,,,──,,,,,,,,,,,,,,,,,,,,,,,,,,,,,,,,,,
sg,live,Safeguarding,Safeguarding,,1152648266,,,Animated Course,Employees,SCORM Compatible,,,──,,,,,,,,,,,,,,,,,,,,,,,,,,,,,,,,,,
cy,live,Cybersecurity,Cybersecurity,,1152648266,,,Animated Course,"Employees, Students and Faculty",SCORM Compatible,,,──,,,,,,,,,,,,,,,,,,,,,,,,,,,,,,,,,,
bf-k12,live,Bias and Fairness,Bias and Fairness,,1152648266,,,Animated Course,Students and Faculty,SCORM Compatible,,,──,,,,,,,,,,,,,,,,,,,,,,,,,,,,,,,,,,
mh,coming-soon,Mental Health Support — Blue Seat Studios,Mental Health Support,Training that reduces stigma and gives everyone — not just HR — the language and confidence to support a colleague who's struggling.,,,,Animated video + interactive scenarios,Workplace · Higher Ed · K–12,SCORM / Hosted,June 2026,"Recognizing the signs of burnout, anxiety, and depression in yourself and others | How to start a supportive conversation without overstepping | Understanding what to say — and what not to say | When and how to refer someone to professional resources | Building a workplace or campus culture that normalizes help-seeking | Manager and faculty-specific responsibilities and boundaries",──,What Is Mental Health?,"An introduction to mental health concepts — what they are, why they matter, and how they show up differently for different people.",Recognizing the Signs,"How to notice when a colleague, student, or teammate may be struggling — without diagnosing or overstepping.",How to Start the Conversation,Practical language and frameworks for opening a supportive conversation with someone you're concerned about.,What Not to Say,Common well-meaning responses that can backfire — and what to say instead.,Getting Help & Setting Limits,"When to refer someone to professional support, what resources to offer, and how to protect your own wellbeing in the process.",,,,,,,,,,,,,,,,,,,,,,,,
alcohol,coming-soon,Alcohol Awareness — Blue Seat Studios,Alcohol Awareness,"Honest education that meets students where they are — not where we wish they were. Focuses on real decisions, real risk, and real ways to look out for each other.",,,,Animated video + interactive scenarios,Higher Education,SCORM / Hosted,July 2026,Understanding how alcohol affects decision-making and memory | Recognizing the difference between drinking and risky drinking | How to check in on a friend who may have had too much | Consent and alcohol — what the law says and what it means in practice | Bystander strategies for real party and social situations | Campus resources and how to use them without fear,──,Alcohol and Your Brain,"How alcohol actually works — what it does to judgment, coordination, memory, and decision-making. No scare tactics. Just the real science.",What Is Risky Drinking?,The difference between drinking socially and drinking in ways that put yourself or others at risk — and how to tell the difference in the moment.,Consent and Alcohol,"What the law says about consent when alcohol is involved — and why ""I didn't know"" isn't a defense.",Looking Out for Your Friends,"How to recognize when someone has had too much, and what to actually do about it — without making it a big deal.",Getting Help on Campus,Campus resources explained — from counseling to medical amnesty policies. Why using them is always the right call.,,,,,,,,,,,,,,,,,,,,,,,,
hrfund,coming-soon,HR Fundamentals — Blue Seat Studios,HR Fundamentals,"Management isn't a personality type — it's a skill set. This course gives new and experienced managers the practical tools to set expectations, give feedback, and handle the conversations nobody wants to have.",,,,Animated video + interactive scenarios,Workplace,SCORM / Hosted,July 2026,Setting clear expectations and measurable goals | Giving feedback that actually changes behavior — positive and corrective | Having difficult conversations before they become HR issues | Understanding your legal obligations as a manager | Documenting performance fairly and consistently | Recognizing and avoiding bias in performance evaluations,──,What Makes a Good Manager?,The mindset shift from individual contributor to manager — and what your team actually needs from you.,Setting Expectations That Stick,How to set goals that are specific enough to be useful — and how to revisit them without micromanaging.,Giving Effective Feedback,The difference between feedback that changes behavior and feedback that just makes people defensive. Frameworks that work in real situations.,Having Hard Conversations,"How to address performance issues, attendance, attitude, and conflict directly — before small problems become big ones.",Your Legal Obligations,"What managers must know about discrimination, retaliation, accommodation, and when to loop in HR.",,,,,,,,,,,,,,,,,,,,,,,,
